breaks,subregion,scale,value
5390,desert,Decadal,0.6058307488715053
5390,plateau,Decadal,0.06633888709741687
5390,MW,Decadal,0.263817844490144
5380,desert,Decadal,0.8060826824644929
5380,plateau,Decadal,0.12150605959939664
5380,MW,Decadal,0.2840362506535854
5370,desert,Decadal,0.8355327229770504
5370,plateau,Decadal,0.14545153010836476
5370,MW,Decadal,0.25131028377645137
5360,desert,Decadal,0.739173050750952
5360,plateau,Decadal,0.16709028347421384
5360,MW,Decadal,0.19864033514365165
5350,desert,Decadal,0.656842688504411
5350,plateau,Decadal,0.16999221552542743
5350,MW,Decadal,0.1671330562482698
5340,desert,Decadal,0.5745291021050258
5340,plateau,Decadal,0.13490965849707326
5340,MW,Decadal,0.1273936597533165
5330,desert,Decadal,0.4917438538641239
5330,plateau,Decadal,0.16584179671443877
5330,MW,Decadal,0.11949049582065108
5320,desert,Decadal,0.4757050287784059
5320,plateau,Decadal,0.15592905587131778
5320,MW,Decadal,0.11944677667432568
5310,desert,Decadal,0.42500997513719163
5310,plateau,Decadal,0.2084566026192336
5310,MW,Decadal,0.13703929307231633
5300,desert,Decadal,0.4240061298270925
5300,desert,Centennial,0.471216729998547
5300,plateau,Decadal,0.21414014926848246
5300,plateau,Centennial,0.10854827758439711
5300,MW,Decadal,0.147826361910397
5300,MW,Centennial,0.1449420071715002
5290,desert,Decadal,0.47301045252818863
5290,plateau,Decadal,0.13973616866818084
5290,MW,Decadal,0.1370460776048521
5280,desert,Decadal,0.490829947048943
5280,plateau,Decadal,0.0551742855831483
5280,MW,Decadal,0.141107633221349
5270,desert,Decadal,0.463948956290805
5270,plateau,Decadal,0.018586355777294727
5270,MW,Decadal,0.16090850014163216
5260,desert,Decadal,0.3514357729866191
5260,plateau,Decadal,-0.05444961223365352
5260,MW,Decadal,0.134850970125866
5250,desert,Decadal,0.27782728605996176
5250,plateau,Decadal,-0.09345149655605178
5250,MW,Decadal,0.11092930283833624
5240,desert,Decadal,0.34830270088614945
5240,plateau,Decadal,-0.03899086295974241
5240,MW,Decadal,0.14015182323290354
5230,desert,Decadal,0.3913060531222312
5230,plateau,Decadal,0.04779791548235046
5230,MW,Decadal,0.1320131071231634
5220,desert,Decadal,0.34118234678994774
5220,plateau,Decadal,0.12329854587027622
5220,MW,Decadal,0.0976009655365484
5210,desert,Decadal,0.31515298593653984
5210,plateau,Decadal,0.18011084367124397
5210,MW,Decadal,0.07598777827866332
5200,desert,Decadal,0.20423508393543344
5200,desert,Centennial,0.16973510774584977
5200,plateau,Decadal,0.11810644576364382
5200,plateau,Centennial,0.03723338738703674
5200,MW,Decadal,0.04305553447214727
5200,MW,Centennial,0.05529222527149713
5190,desert,Decadal,0.08810271780146373
5190,plateau,Decadal,0.0572080251545426
5190,MW,Decadal,0.018892209586174324
5180,desert,Decadal,3.3860470671776e-4
5180,plateau,Decadal,-0.004991257519360026
5180,MW,Decadal,-7.606676622584629e-4
5170,desert,Decadal,-0.02798994025449142
5170,plateau,Decadal,-0.08039450656370795
5170,MW,Decadal,-0.01651741570499743
5160,desert,Decadal,-0.0014318161896453852
5160,plateau,Decadal,-0.09678599790714504
5160,MW,Decadal,-0.017919966170643065
5150,desert,Decadal,-0.030739248972622146
5150,plateau,Decadal,0.02149902584041019
5150,MW,Decadal,0.0019553568755936723
5140,desert,Decadal,-0.10864973525066546
5140,plateau,Decadal,0.11737571976324634
5140,MW,Decadal,0.011055829999628841
5130,desert,Decadal,-0.09461581413267028
5130,plateau,Decadal,0.06584180967119657
5130,MW,Decadal,-0.004804896977295137
5120,desert,Decadal,-0.08750935354067124
5120,plateau,Decadal,0.04580185671787529
5120,MW,Decadal,-0.013115876675173777
5110,desert,Decadal,-0.06029753889135181
5110,plateau,Decadal,0.021439923210309075
5110,MW,Decadal,-0.010928238427820869
5100,desert,Decadal,-0.061589055122623915
5100,desert,Centennial,-0.0546816546846407
5100,plateau,Decadal,0.04252946622467224
5100,plateau,Centennial,0.08144175713555857
5100,MW,Decadal,1.6263015327755426e-4
5100,MW,Centennial,1.9176088272843117e-5
5090,desert,Decadal,-0.10911838415168518
5090,plateau,Decadal,0.11096318848422548
5090,MW,Decadal,0.011523436909133267
5080,desert,Decadal,-0.11965960993032265
5080,plateau,Decadal,0.16987078360868324
5080,MW,Decadal,0.01742681266094781
5070,desert,Decadal,-0.07426639152254833
5070,plateau,Decadal,0.14881346439206133
5070,MW,Decadal,0.003491629088214765
5060,desert,Decadal,0.02888134883103355
5060,plateau,Decadal,0.1777169449839855
5060,MW,Decadal,0.008533601144211644
5050,desert,Decadal,0.08693432518855904
5050,plateau,Decadal,0.2036258102778188
5050,MW,Decadal,0.015719071998421263
5040,desert,Decadal,0.019475619182252046
5040,plateau,Decadal,0.15412372848662148
5040,MW,Decadal,0.0014284282507714963
5030,desert,Decadal,-0.05484347622334296
5030,plateau,Decadal,0.07308919859090324
5030,MW,Decadal,-0.018170736451483815
5020,desert,Decadal,-0.0667106487493907
5020,plateau,Decadal,0.020106869066616184
5020,MW,Decadal,-0.02894062520423235
5010,desert,Decadal,-0.062363127837872234
5010,plateau,Decadal,0.03805644542838049
5010,MW,Decadal,-0.025795883377277562
5000,desert,Decadal,-0.022568310817350223
5000,desert,Centennial,-0.042905768202328165
5000,plateau,Decadal,0.11803248679258527
5000,plateau,Centennial,0.1063297687888598
5000,MW,Decadal,-0.006430102382581904
5000,MW,Centennial,-0.012787416286608178
4990,desert,Decadal,0.00673898082901303
4990,plateau,Decadal,0.1475718148505223
4990,MW,Decadal,0.0027845802194725877
4980,desert,Decadal,-0.015834439704909276
4980,plateau,Decadal,0.1234706820665954
4980,MW,Decadal,-0.005359833009721537
4970,desert,Decadal,-0.04077342398368655
4970,plateau,Decadal,0.12899415171108153
4970,MW,Decadal,-0.00860413560691553
4960,desert,Decadal,-0.09701767006115025
4960,plateau,Decadal,0.1615103186777933
4960,MW,Decadal,-0.01791225403190433
4950,desert,Decadal,-0.1357298181557276
4950,plateau,Decadal,0.0971228756839082
4950,MW,Decadal,-0.059438671305156454
4940,desert,Decadal,-0.12360353282687697
4940,plateau,Decadal,0.02254181805165789
4940,MW,Decadal,-0.07242459057605899
4930,desert,Decadal,-0.10860495494627864
4930,plateau,Decadal,0.010134007762974129
4930,MW,Decadal,-0.03313271758333958
4920,desert,Decadal,-0.09274428394706602
4920,plateau,Decadal,0.04471738081763821
4920,MW,Decadal,0.017657287393069154
4910,desert,Decadal,-0.09040366508999975
4910,plateau,Decadal,0.048084024159900096
4910,MW,Decadal,0.032303504565844854
4900,desert,Decadal,-0.0744554853747359
4900,desert,Centennial,-0.09257496862855596
4900,plateau,Decadal,0.04310819137405275
4900,plateau,Centennial,0.07689117290319292
4900,MW,Decadal,0.03183484527515823
4900,MW,Centennial,0.021174221318465136
4890,desert,Decadal,-0.051417509668150174
4890,plateau,Decadal,0.05840318617804652
4890,MW,Decadal,0.03854126616185116
4880,desert,Decadal,-0.03924754943972486
4880,plateau,Decadal,0.08471797725575492
4880,MW,Decadal,0.053049247910008646
4870,desert,Decadal,-0.07245967975254564
4870,plateau,Decadal,0.13079781598732687
4870,MW,Decadal,0.07493443110011544
4860,desert,Decadal,-0.12902409844961493
4860,plateau,Decadal,0.13598291550762642
4860,MW,Decadal,0.07673431607195802
4850,desert,Decadal,-0.14835383334029784
4850,plateau,Decadal,0.09941986102264266
4850,MW,Decadal,0.0520150938490449
4840,desert,Decadal,-0.1421259791661189
4840,plateau,Decadal,0.08215500581476576
4840,MW,Decadal,0.031118968891363785
4830,desert,Decadal,-0.144409207221885
4830,plateau,Decadal,0.09087588054712548
4830,MW,Decadal,0.04082501209612399
4820,desert,Decadal,-0.15274904760771424
4820,plateau,Decadal,0.09979645367230727
4820,MW,Decadal,0.05283385773717786
4810,desert,Decadal,-0.1617742448408177
4810,plateau,Decadal,0.10662668989260826
4810,MW,Decadal,0.0590377492907912
4800,desert,Decadal,-0.1621459322060259
4800,desert,Centennial,-0.11717786697109656
4800,plateau,Decadal,0.11819357174349676
4800,plateau,Centennial,0.09107944280599689
4800,MW,Decadal,0.06850704270262575
4800,MW,Centennial,0.06262955953024729
4790,desert,Decadal,-0.14117706620232484
4790,plateau,Decadal,0.13254955792723067
4790,MW,Decadal,0.07704720232541984
4780,desert,Decadal,-0.14929248618440472
4780,plateau,Decadal,0.1310288880076449
4780,MW,Decadal,0.07764627708475302
4770,desert,Decadal,-0.16235645656589304
4770,plateau,Decadal,0.08896496230119677
4770,MW,Decadal,0.06272113692964432
4760,desert,Decadal,-0.11586481315555286
4760,plateau,Decadal,0.01969614843402301
4760,MW,Decadal,0.05256425474924331
4750,desert,Decadal,-0.02341470389477518
4750,plateau,Decadal,6.6511457674778285e-6
4750,MW,Decadal,0.08344732570897406
4740,desert,Decadal,0.06577624957488926
4740,plateau,Decadal,0.029821201631063943
4740,MW,Decadal,0.09928963307066496
4730,desert,Decadal,0.04376898963882603
4730,plateau,Decadal,0.05496448690338607
4730,MW,Decadal,0.0729417746901051
4720,desert,Decadal,0.02645690152129898
4720,plateau,Decadal,0.0505580032006403
4720,MW,Decadal,0.039511290666283116
4710,desert,Decadal,0.06307368835538618
4710,plateau,Decadal,0.04124166789243322
4710,MW,Decadal,0.02607218683563506
4700,desert,Decadal,0.04942731409118828
4700,desert,Centennial,0.038234920145430173
4700,plateau,Decadal,0.0242840145759482
4700,plateau,Centennial,0.033763530516095486
4700,MW,Decadal,0.01451371914211741
4700,MW,Centennial,0.04722315281810996
4690,desert,Decadal,0.011145852505389797
4690,plateau,Decadal,0.005057030287614062
4690,MW,Decadal,0.00321345062332945
4680,desert,Decadal,0.009575371340986294
4680,plateau,Decadal,0.0017368777782911238
4680,MW,Decadal,0.004903122057431375
4670,desert,Decadal,0.07082957722264194
4670,plateau,Decadal,0.007618111080187617
4670,MW,Decadal,0.033357941672074176
4660,desert,Decadal,0.12758629748657047
4660,plateau,Decadal,0.025790660129776377
4660,MW,Decadal,0.05430636626120311
4650,desert,Decadal,0.11786465427854331
4650,plateau,Decadal,0.05923836168275631
4650,MW,Decadal,0.06924693878784804
4640,desert,Decadal,0.0922323939771097
4640,plateau,Decadal,0.07604390031465957
4640,MW,Decadal,0.08018779308607282
4630,desert,Decadal,0.13009263154746264
4630,plateau,Decadal,0.0631770400295828
4630,MW,Decadal,0.08826819545739717
4620,desert,Decadal,0.17709398503307217
4620,plateau,Decadal,0.01671865146621876
4620,MW,Decadal,0.1110913850241646
4610,desert,Decadal,0.18676994705606464
4610,plateau,Decadal,-0.028926652053251622
4610,MW,Decadal,0.09363591377808955
4600,desert,Decadal,0.19616362293064515
4600,desert,Centennial,0.14965531320705328
4600,plateau,Decadal,-0.050046587641761064
4600,plateau,Centennial,-0.007297205270062612
4600,MW,Decadal,0.07552142489712921
4600,MW,Centennial,0.07924035176347655
4590,desert,Decadal,0.16607325799886663
4590,plateau,Decadal,-0.06356069171344902
4590,MW,Decadal,0.07002223210923475
4580,desert,Decadal,0.14395064791468126
4580,plateau,Decadal,-0.04469541783915787
4580,MW,Decadal,0.08366525933942714
4570,desert,Decadal,0.15718423664488057
4570,plateau,Decadal,-0.006140670760790279
4570,MW,Decadal,0.10208019779276434
4560,desert,Decadal,0.16820126600090024
4560,plateau,Decadal,0.02629329297523242
4560,MW,Decadal,0.1112942542412565
4550,desert,Decadal,0.15877389660181596
4550,plateau,Decadal,-0.0016272833926800345
4550,MW,Decadal,0.09695705638435026
4540,desert,Decadal,0.1517968317533036
4540,plateau,Decadal,-0.05637033364753741
4540,MW,Decadal,0.07117505448941408
4530,desert,Decadal,0.16136952473331245
4530,plateau,Decadal,-0.06497640998678333
4530,MW,Decadal,0.06432783045613455
4520,desert,Decadal,0.14870301053342416
4520,plateau,Decadal,-0.07100328561746583
4520,MW,Decadal,0.027804185304547424
4510,desert,Decadal,0.11150873737457712
4510,plateau,Decadal,-0.04493615598475387
4510,MW,Decadal,-0.04470317359411835
4500,desert,Decadal,0.18165099648177474
4500,desert,Centennial,0.15459834774997905
4500,plateau,Decadal,-0.025982515048450505
4500,plateau,Centennial,-0.03177152692666052
4500,MW,Decadal,-0.05770022006308384
4500,MW,Centennial,-0.02081515253818944
4490,desert,Decadal,0.20917062608605264
4490,plateau,Decadal,-0.01976042387549226
4490,MW,Decadal,-0.054662553954454296
4480,desert,Decadal,0.20080467098477772
4480,plateau,Decadal,-0.025155537965504404
4480,MW,Decadal,-0.06116879009835374
4470,desert,Decadal,0.12769003747259422
4470,plateau,Decadal,-0.03241675425886825
4470,MW,Decadal,-0.08691599289658569
4460,desert,Decadal,0.08350290064333965
4460,plateau,Decadal,-0.03439918000228692
4460,MW,Decadal,-0.09770367937410596
4450,desert,Decadal,0.15818183170894784
4450,plateau,Decadal,-0.02886291065451463
4450,MW,Decadal,-0.09037867768275643
4440,desert,Decadal,0.19798659374334893
4440,plateau,Decadal,-0.02521413781320092
4440,MW,Decadal,-0.08480573223232923
4430,desert,Decadal,0.13491284151472271
4430,plateau,Decadal,-0.02620446462445747
4430,MW,Decadal,-0.10330570757783875
4420,desert,Decadal,0.058748192021629286
4420,plateau,Decadal,0.006193227200124163
4420,MW,Decadal,-0.13955677285196755
4410,desert,Decadal,0.048707740630482554
4410,plateau,Decadal,0.04908715634892591
4410,MW,Decadal,-0.12932012453626962
4400,desert,Decadal,0.06465873926826404
4400,desert,Centennial,0.11364767152997057
4400,plateau,Decadal,0.06146457140752126
4400,plateau,Centennial,0.032186649463028516
4400,MW,Decadal,-0.12250540727112291
4400,MW,Centennial,-0.13054977718484073
4390,desert,Decadal,0.12782664017048084
4390,plateau,Decadal,0.07072464642445819
4390,MW,Decadal,-0.13126375177495708
4380,desert,Decadal,0.15088169602630597
4380,plateau,Decadal,0.06165154231450032
4380,MW,Decadal,-0.15195415745382634
4370,desert,Decadal,0.14960451653500684
4370,plateau,Decadal,0.034674942386669905
4370,MW,Decadal,-0.15959068536061105
4360,desert,Decadal,0.13449906121849597
4360,plateau,Decadal,0.011349065288523974
4360,MW,Decadal,-0.16166951212174263
4350,desert,Decadal,0.13881069801442436
4350,plateau,Decadal,0.03020750316604648
4350,MW,Decadal,-0.16561462053520382
4340,desert,Decadal,0.10641585263202469
4340,plateau,Decadal,0.09611415351820085
4340,MW,Decadal,-0.16907038357181214
4330,desert,Decadal,0.05763805561191937
4330,plateau,Decadal,0.14456310708488296
4330,MW,Decadal,-0.20333930219896823
4320,desert,Decadal,0.02542881880365222
4320,plateau,Decadal,0.16647104519935674
4320,MW,Decadal,-0.19781250246201365
4310,desert,Decadal,0.03351129994961788
4310,plateau,Decadal,0.13061341112550195
4310,MW,Decadal,-0.12091891583303482
4300,desert,Decadal,0.010495693659651195
4300,desert,Centennial,0.0249389345727824
4300,plateau,Decadal,0.08351368830754602
4300,plateau,Centennial,0.093675683141492
4300,MW,Decadal,-0.06911450896391891
4300,MW,Centennial,-0.12235525144996817
4290,desert,Decadal,0.01137967224695835
4290,plateau,Decadal,0.06099370969649964
4290,MW,Decadal,-0.04591664958215613
4280,desert,Decadal,-0.01190920393999706
4280,plateau,Decadal,0.07680251280528516
4280,MW,Decadal,-0.06532592891258515
4270,desert,Decadal,0.0090874298198651
4270,plateau,Decadal,0.07916164200227893
4270,MW,Decadal,-0.06718874164518551
4260,desert,Decadal,0.030426826136165097
4260,plateau,Decadal,0.080109806444284
4260,MW,Decadal,-0.06795602206510765
4250,desert,Decadal,-0.07908840275951956
4250,plateau,Decadal,0.11129904417959136
4250,MW,Decadal,-0.1245966986835434
4240,desert,Decadal,-0.14138067414803945
4240,plateau,Decadal,0.11416070148104751
4240,MW,Decadal,-0.15399902070168947
4230,desert,Decadal,-0.11326395123705257
4230,plateau,Decadal,0.11740341673434074
4230,MW,Decadal,-0.15801978085582258
4220,desert,Decadal,-0.06559538593173819
4220,plateau,Decadal,0.12214541876773843
4220,MW,Decadal,-0.1543556800613577
4210,desert,Decadal,-0.05040985699666933
4210,plateau,Decadal,0.12043106985102359
4210,MW,Decadal,-0.14808371464093417
4200,desert,Decadal,-0.08063199246528541
4200,desert,Centennial,-0.10873932295165645
4200,plateau,Decadal,0.11689378131500838
4200,plateau,Centennial,0.09320860523636121
4200,MW,Decadal,-0.15254181951568357
4200,MW,Centennial,-0.1437731860897129
4190,desert,Decadal,-0.15352004604872738
4190,plateau,Decadal,0.10139148406460574
4190,MW,Decadal,-0.16474556091223835
4180,desert,Decadal,-0.17381207013376088
4180,plateau,Decadal,0.08195399956705263
4180,MW,Decadal,-0.16677415407603258
4170,desert,Decadal,-0.1812814081048164
4170,plateau,Decadal,0.07934524188444314
4170,MW,Decadal,-0.17115182140875485
4160,desert,Decadal,-0.18180404782655035
4160,plateau,Decadal,0.07598229991472305
4160,MW,Decadal,-0.17052804161286073
4150,desert,Decadal,-0.18702010083511134
4150,plateau,Decadal,0.07108419731736149
4150,MW,Decadal,-0.16998138975721222
4140,desert,Decadal,-0.16149230984311425
4140,plateau,Decadal,0.057197614921333795
4140,MW,Decadal,-0.15368063114488129
4130,desert,Decadal,-0.11124674800114809
4130,plateau,Decadal,0.030499348840939966
4130,MW,Decadal,-0.1058517975178086
4120,desert,Decadal,-0.07510808483081055
4120,plateau,Decadal,0.009999330141963192
4120,MW,Decadal,-0.06553638206601153
4110,desert,Decadal,-0.0741923578149506
4110,plateau,Decadal,0.006333474799391503
4110,MW,Decadal,-0.0624962275513119
4100,desert,Decadal,-0.1171914709236277
4100,desert,Centennial,-0.1364415329021429
4100,plateau,Decadal,0.028328650872433414
4100,plateau,Centennial,0.014053546412950979
4100,MW,Decadal,-0.10886725110501594
4100,MW,Centennial,-0.07878467101997133
4090,desert,Decadal,-0.14566869958250184
4090,plateau,Decadal,0.03875971087694552
4090,MW,Decadal,-0.1362429927999398
4080,desert,Decadal,-0.1362152213252643
4080,plateau,Decadal,0.00722519478906225
4080,MW,Decadal,-0.08738527016688424
4070,desert,Decadal,-0.17682573041395422
4070,plateau,Decadal,-0.012260885695036805
4070,MW,Decadal,-0.04536655432355596
4060,desert,Decadal,-0.23771026906388437
4060,plateau,Decadal,-0.027865173146424116
4060,MW,Decadal,-0.015118042049766522
4050,desert,Decadal,-0.16205556121191567
4050,plateau,Decadal,-0.06016670495361254
4050,MW,Decadal,0.05421940489354071
4040,desert,Decadal,-0.048635812237385334
4040,plateau,Decadal,-0.0475194570065951
4040,MW,Decadal,0.049725129995303874
4030,desert,Decadal,-0.06917236359973433
4030,plateau,Decadal,-0.0543762021332328
4030,MW,Decadal,0.06463883089058431
4020,desert,Decadal,-0.14243253711626602
4020,plateau,Decadal,-0.07397359785200619
4020,MW,Decadal,0.08808986446786626
4010,desert,Decadal,-0.17299597853236426
4010,plateau,Decadal,-0.07664924772241566
4010,MW,Decadal,0.08028460923121816
4000,desert,Decadal,-0.21416826500042507
4000,desert,Centennial,-0.20393002139391658
4000,plateau,Decadal,-0.08649982291610847
4000,plateau,Centennial,-0.05267365475672969
4000,MW,Decadal,0.09007552719866307
4000,MW,Centennial,0.07699951451294318
3990,desert,Decadal,-0.25836669534785583
3990,plateau,Decadal,-0.09170602766943592
3990,MW,Decadal,0.10594698683654702
3980,desert,Decadal,-0.289088342953292
3980,plateau,Decadal,-0.07865132643058992
3980,MW,Decadal,0.10729144268877278
3970,desert,Decadal,-0.31083683823909247
3970,plateau,Decadal,-0.057889175993519615
3970,MW,Decadal,0.10339499623568393
3960,desert,Decadal,-0.3227972414408642
3960,plateau,Decadal,-0.050376391834494605
3960,MW,Decadal,0.09721684565440203
3950,desert,Decadal,-0.3344520593431377
3950,plateau,Decadal,-0.048492315815884535
3950,MW,Decadal,0.09779217275764918
3940,desert,Decadal,-0.35425462435619837
3940,plateau,Decadal,-0.01957775475474044
3940,MW,Decadal,0.11308751904479664
3930,desert,Decadal,-0.2504492867896668
3930,plateau,Decadal,0.05262758728044048
3930,MW,Decadal,0.1303614337915926
3920,desert,Decadal,0.05272220446022047
3920,plateau,Decadal,0.08868586170107662
3920,MW,Decadal,0.12120649049263132
3910,desert,Decadal,0.2340816895660014
3910,plateau,Decadal,0.09042547849107407
3910,MW,Decadal,0.12144230131301281
3900,desert,Decadal,0.16042178815727226
3900,desert,Centennial,-0.05723746637359417
3900,plateau,Decadal,0.09221041814833075
3900,plateau,Centennial,0.07049560395031573
3900,MW,Decadal,0.1184521917675152
3900,MW,Centennial,0.09538125332431147
3890,desert,Decadal,-0.1289805820243073
3890,plateau,Decadal,0.08377433961224146
3890,MW,Decadal,0.12117438650272039
3880,desert,Decadal,-0.23573084514643128
3880,plateau,Decadal,0.08364680046375472
3880,MW,Decadal,0.10123663433967423
3870,desert,Decadal,-0.015024947522190857
3870,plateau,Decadal,0.12714689455139982
3870,MW,Decadal,0.06095529155396573
3860,desert,Decadal,0.20230035321888717
3860,plateau,Decadal,0.14860549852462324
3860,MW,Decadal,0.02776059885882809
3850,desert,Decadal,0.12273299199443422
3850,plateau,Decadal,0.14347819298889952
3850,MW,Decadal,0.03445936696724328
3840,desert,Decadal,-0.11749869469371843
3840,plateau,Decadal,0.1138774151633104
3840,MW,Decadal,0.07577940966143615
3830,desert,Decadal,-0.05859920727572243
3830,plateau,Decadal,0.11960317431851664
3830,MW,Decadal,0.06121078861325291
3820,desert,Decadal,0.2919108940183657
3820,plateau,Decadal,0.14197854319497605
3820,MW,Decadal,0.0253167690041467
3810,desert,Decadal,0.40962655493110844
3810,plateau,Decadal,0.14189845443359772
3810,MW,Decadal,0.02482470563511807
3800,desert,Decadal,0.43858995366441444
3800,desert,Centennial,0.25458114183392055
3800,plateau,Decadal,0.14956789742630594
3800,plateau,Centennial,0.15061867137537988
3800,MW,Decadal,0.023063440915382927
3800,MW,Centennial,0.07254341121407659
3790,desert,Decadal,0.42677253573635276
3790,plateau,Decadal,0.18100056151733046
3790,MW,Decadal,0.07480116710982809
3780,desert,Decadal,0.3245550989539936
3780,plateau,Decadal,0.21703247362181433
3780,MW,Decadal,0.139993972090946
3770,desert,Decadal,0.3351054810298848
3770,plateau,Decadal,0.20004109022777605
3770,MW,Decadal,0.1360027378413564
3760,desert,Decadal,0.4200107347993143
3760,plateau,Decadal,0.15972878633012666
3760,MW,Decadal,0.08335044847060935
3750,desert,Decadal,0.434010096501547
3750,plateau,Decadal,0.14512574022116365
3750,MW,Decadal,0.06798702513211019
3740,desert,Decadal,0.31094786368002225
3740,plateau,Decadal,0.15193716285166747
3740,MW,Decadal,0.11606931211167737
3730,desert,Decadal,0.18660989798771066
3730,plateau,Decadal,0.11448272057741349
3730,MW,Decadal,0.13470558384705011
3720,desert,Decadal,-0.024774716918563033
3720,plateau,Decadal,0.08613645425843419
3720,MW,Decadal,0.1438283126321549
3710,desert,Decadal,-0.14615117122435128
3710,plateau,Decadal,0.08549400508861549
3710,MW,Decadal,0.14455487426474622
3700,desert,Decadal,-0.10374283435374831
3700,desert,Centennial,0.09818382669493086
3700,plateau,Decadal,0.08144650739045911
3700,plateau,Centennial,0.08791192185895191
3700,MW,Decadal,0.13426221025307772
3700,MW,Centennial,0.14451655441625189
3690,desert,Decadal,0.1116783960597667
3690,plateau,Decadal,0.09360286031774301
3690,MW,Decadal,0.12882754625727078
3680,desert,Decadal,0.2002952142231118
3680,plateau,Decadal,0.10609708183206834
3680,MW,Decadal,0.13243558446662806
3670,desert,Decadal,0.0916581600522548
3670,plateau,Decadal,0.06064245602195317
3670,MW,Decadal,0.1524259645101722
3660,desert,Decadal,-0.021510532863677767
3660,plateau,Decadal,0.01457696542852549
3660,MW,Decadal,0.19663831118810204
3650,desert,Decadal,0.01358100615032054
3650,plateau,Decadal,0.0027733362429227526
3650,MW,Decadal,0.21479468429326243
3640,desert,Decadal,0.11545534893810938
3640,plateau,Decadal,0.007809707901285101
3640,MW,Decadal,0.2077297273460621
3630,desert,Decadal,0.0977585208455034
3630,plateau,Decadal,0.01118194213971524
3630,MW,Decadal,0.19405306789255228
3620,desert,Decadal,-0.07824792919491896
3620,plateau,Decadal,0.013409354029314535
3620,MW,Decadal,0.18002445109401854
3610,desert,Decadal,-0.1665637702003564
3610,plateau,Decadal,0.00907878167020204
3610,MW,Decadal,0.1842692634653309
3600,desert,Decadal,-0.1667857120830507
3600,desert,Centennial,-0.039988061531492924
3600,plateau,Decadal,0.008341235284570203
3600,plateau,Centennial,-0.006635419622236238
3600,MW,Decadal,0.17605558510700448
3600,MW,Centennial,0.1650194539778438
3590,desert,Decadal,-0.1354120962825056
3590,plateau,Decadal,-0.02280302364310316
3590,MW,Decadal,0.15459798477042153
3580,desert,Decadal,-0.04091851111592826
3580,plateau,Decadal,-0.06951296342370128
3580,MW,Decadal,0.12852556878202304
3570,desert,Decadal,-0.04452577118251311
3570,plateau,Decadal,-0.07065614401193798
3570,MW,Decadal,0.13169576831291163
3560,desert,Decadal,-0.12352956481707089
3560,plateau,Decadal,-0.04271929407985153
3560,MW,Decadal,0.16946475702217523
3550,desert,Decadal,-0.11093846325644918
3550,plateau,Decadal,-0.009548877615583873
3550,MW,Decadal,0.17901124230523813
3540,desert,Decadal,0.08057901431595127
3540,plateau,Decadal,0.02258404252601931
3540,MW,Decadal,0.1299339837665281
3530,desert,Decadal,0.10671300110913773
3530,plateau,Decadal,-0.004981328957132103
3530,MW,Decadal,0.1036048745690854
3520,desert,Decadal,0.05751572428496221
3520,plateau,Decadal,-0.04605772999248803
3520,MW,Decadal,0.10282483277652688
3510,desert,Decadal,0.05718583419773715
3510,plateau,Decadal,-0.04259645299551362
3510,MW,Decadal,0.09867783679802233
3500,desert,Decadal,0.10924881163052458
3500,desert,Centennial,0.17875735696182282
3500,plateau,Decadal,-0.0016431574661357473
3500,plateau,Centennial,0.04444808261794275
3500,MW,Decadal,0.10108198136737911
3500,MW,Centennial,0.0958200468561099
3490,desert,Decadal,0.18151657751852568
3490,plateau,Decadal,0.04135397842983668
3490,MW,Decadal,0.09476791331375356
3480,desert,Decadal,0.2579864260220166
3480,plateau,Decadal,0.07431809001865464
3480,MW,Decadal,0.0893386725796308
3470,desert,Decadal,0.3644647366154663
3470,plateau,Decadal,0.1240872599792775
3470,MW,Decadal,0.0821032941301425
3460,desert,Decadal,0.4840648649586665
3460,plateau,Decadal,0.17658559414850394
3460,MW,Decadal,0.054471502685515816
3450,desert,Decadal,0.4972548910774366
3450,plateau,Decadal,0.1867077507162529
3450,MW,Decadal,0.030918753142183952
3440,desert,Decadal,0.44353828688126207
3440,plateau,Decadal,0.18224078412487632
3440,MW,Decadal,0.023991046820071027
3430,desert,Decadal,0.35942098702990144
3430,plateau,Decadal,0.17534699819719002
3430,MW,Decadal,0.03731862776259476
3420,desert,Decadal,0.3035704112734905
3420,plateau,Decadal,0.17381795710242898
3420,MW,Decadal,0.0697022911837264
3410,desert,Decadal,0.29419260657446156
3410,plateau,Decadal,0.18036940859309514
3410,MW,Decadal,0.06996323634795854
3400,desert,Decadal,0.29079071209765495
3400,desert,Centennial,0.3224930370216317
3400,plateau,Decadal,0.16593780230020894
3400,plateau,Centennial,0.16270333906844847
3400,MW,Decadal,0.05359499708372795
3400,MW,Centennial,0.03699303525495079
3390,desert,Decadal,0.33333125803012287
3390,plateau,Decadal,0.16562730276818982
3390,MW,Decadal,0.023092046353423434
3380,desert,Decadal,0.38803803987290664
3380,plateau,Decadal,0.17380960001434076
3380,MW,Decadal,0.0036560936509610897
3370,desert,Decadal,0.3491848077927351
3370,plateau,Decadal,0.17066199707447272
3370,MW,Decadal,-0.0016615586430068774
3360,desert,Decadal,0.2911879134161133
3360,plateau,Decadal,0.16895557625471458
3360,MW,Decadal,-0.0032022819038246553
3350,desert,Decadal,0.22704139695663983
3350,plateau,Decadal,0.15119339611324722
3350,MW,Decadal,0.007877839782688412
3340,desert,Decadal,0.16834738591595677
3340,plateau,Decadal,0.10246356013958735
3340,MW,Decadal,0.028521457234398362
3330,desert,Decadal,0.1699693779561029
3330,plateau,Decadal,0.11365677996184598
3330,MW,Decadal,0.043923010524293815
3320,desert,Decadal,0.19731768495889757
3320,plateau,Decadal,0.15359260437020072
3320,MW,Decadal,0.05534551418162614
3310,desert,Decadal,0.20933285515236655
3310,plateau,Decadal,0.18008796119510784
3310,MW,Decadal,0.08737560173517345
3300,desert,Decadal,0.20207464848525092
3300,desert,Centennial,0.16571886338325736
3300,plateau,Decadal,0.17727138655170283
3300,plateau,Centennial,0.14031388769926156
3300,MW,Decadal,0.11247863882701825
3300,MW,Centennial,0.08014222430234863
3290,desert,Decadal,0.14283722679877542
3290,plateau,Decadal,0.12473927433145349
3290,MW,Decadal,0.10251091595048223
3280,desert,Decadal,0.09508510440270346
3280,plateau,Decadal,0.10316789437445628
3280,MW,Decadal,0.10350091874757883
3270,desert,Decadal,0.0573634019844782
3270,plateau,Decadal,0.11127618647956972
3270,MW,Decadal,0.11284002362825785
3260,desert,Decadal,0.053475041878914276
3260,plateau,Decadal,0.1313855541233977
3260,MW,Decadal,0.12032070211955848
3250,desert,Decadal,0.07202007265567634
3250,plateau,Decadal,0.13882781369185526
3250,MW,Decadal,0.12488663061982486
3240,desert,Decadal,0.12550521051910568
3240,plateau,Decadal,0.14085708275715092
3240,MW,Decadal,0.12867999599459612
3230,desert,Decadal,0.17065306293904126
3230,plateau,Decadal,0.13421649342328923
3230,MW,Decadal,0.12353576089785268
3220,desert,Decadal,0.16647545227230776
3220,plateau,Decadal,0.13106457674731953
3220,MW,Decadal,0.10433464227956879
3210,desert,Decadal,0.1772141180220954
3210,plateau,Decadal,0.12837689601956637
3210,MW,Decadal,0.09671059231268764
3200,desert,Decadal,0.19266331763387878
3200,desert,Centennial,0.1551092142069166
3200,plateau,Decadal,0.13215696498627416
3200,plateau,Centennial,0.10497861919560592
3200,MW,Decadal,0.11233285757323852
3200,MW,Centennial,0.10970691136595878
3190,desert,Decadal,0.12555594320229346
3190,plateau,Decadal,0.13556860360857126
3190,MW,Decadal,0.11980190240015176
3180,desert,Decadal,0.08633849134140892
3180,plateau,Decadal,0.13129651608509985
3180,MW,Decadal,0.11860734124160555
3170,desert,Decadal,0.14690163619239804
3170,plateau,Decadal,0.09603029626756854
3170,MW,Decadal,0.12116626212153037
3160,desert,Decadal,0.20451888077399616
3160,plateau,Decadal,0.04050424015735743
3160,MW,Decadal,0.11485745929076252
3150,desert,Decadal,0.23893701569543957
3150,plateau,Decadal,0.01711268701318769
3150,MW,Decadal,0.09818902159310916
3140,desert,Decadal,0.2311406177960773
3140,plateau,Decadal,0.022447955805038333
3140,MW,Decadal,0.08696567339130379
3130,desert,Decadal,0.22852491411375908
3130,plateau,Decadal,0.00927662569216725
3130,MW,Decadal,0.072051164573117
3120,desert,Decadal,0.22296753073316466
3120,plateau,Decadal,-0.004020465109788596
3120,MW,Decadal,0.05820161804093171
3110,desert,Decadal,0.19667737321573675
3110,plateau,Decadal,-0.01926147317520277
3110,MW,Decadal,0.03444814783377659
3100,desert,Decadal,0.20678278686192542
3100,desert,Centennial,0.1988728352231961
3100,plateau,Decadal,-0.07492463521661108
3100,plateau,Centennial,-0.05169558677916575
3100,MW,Decadal,0.004930271815828391
3100,MW,Centennial,0.028635023575174223
3090,desert,Decadal,0.24482476107854367
3090,plateau,Decadal,-0.08424065559422544
3090,MW,Decadal,-1.5223918184981144e-4
3080,desert,Decadal,0.2316687018324437
3080,plateau,Decadal,-0.08709944620056698
3080,MW,Decadal,-3.1617475437784037e-4
3070,desert,Decadal,0.19924502437047575
3070,plateau,Decadal,-0.11012833679232559
3070,MW,Decadal,-0.012366715523559613
3060,desert,Decadal,0.17093503179188563
3060,plateau,Decadal,-0.14622793572931503
3060,MW,Decadal,-0.032207070034262486
3050,desert,Decadal,0.15444274092031307
3050,plateau,Decadal,-0.1516810727129725
3050,MW,Decadal,-0.02911748482349319
3040,desert,Decadal,0.13039367455738304
3040,plateau,Decadal,-0.1546725873703081
3040,MW,Decadal,-0.027369290346701547
3030,desert,Decadal,0.12590935967482508
3030,plateau,Decadal,-0.1506655443690219
3030,MW,Decadal,-0.0207934015112321
3020,desert,Decadal,0.1444893365536437
3020,plateau,Decadal,-0.158159232722499
3020,MW,Decadal,-0.007475681001878343
3010,desert,Decadal,0.13579159053886958
3010,plateau,Decadal,-0.16437386717802482
3010,MW,Decadal,-0.005232308128022556
3000,desert,Decadal,0.11623088730130515
3000,desert,Centennial,0.1167853713752276
3000,plateau,Decadal,-0.1637615033329709
3000,plateau,Centennial,-0.14000331256243115
3000,MW,Decadal,-0.016754981501032606
3000,MW,Centennial,-0.015342102976922956
2990,desert,Decadal,0.1375160519762053
2990,plateau,Decadal,-0.16885521502918444
2990,MW,Decadal,-0.019934808002708415
2980,desert,Decadal,0.13456401721585465
2980,plateau,Decadal,-0.17205034691231136
2980,MW,Decadal,-0.006000867897704154
2970,desert,Decadal,0.10430383431767609
2970,plateau,Decadal,-0.1414621830839513
2970,MW,Decadal,0.0017734780941802697
2960,desert,Decadal,0.07923287629520992
2960,plateau,Decadal,-0.08365916807998586
2960,MW,Decadal,0.0031525869192527978
2950,desert,Decadal,0.04250149210038856
2950,plateau,Decadal,-0.07439995469343819
2950,MW,Decadal,-0.013577166085343428
2940,desert,Decadal,0.00333811824766439
2940,plateau,Decadal,-0.09401936148000223
2940,MW,Decadal,-0.04102023165539759
2930,desert,Decadal,-0.002234074534301911
2930,plateau,Decadal,-0.08817534163761964
2930,MW,Decadal,-0.04074620927333461
2920,desert,Decadal,0.018488259404270124
2920,plateau,Decadal,-0.08537252740856704
2920,MW,Decadal,-0.03015579311396177
2910,desert,Decadal,0.037021041958018586
2910,plateau,Decadal,-0.10035226342814951
2910,MW,Decadal,-0.027211014659267452
2900,desert,Decadal,0.015160955907611573
2900,desert,Centennial,-0.015104116051023464
2900,plateau,Decadal,-0.06262703833134209
2900,plateau,Centennial,-0.02771225569596636
2900,MW,Decadal,-0.01696780202838921
2900,MW,Centennial,-0.00844782311759662
2890,desert,Decadal,-0.024046808089828176
2890,plateau,Decadal,-0.034896914032012116
2890,MW,Decadal,-0.008342259531635143
2880,desert,Decadal,-0.06352004025468316
2880,plateau,Decadal,-0.028239740606106345
2880,MW,Decadal,-0.025573461947281384
2870,desert,Decadal,-0.09125396011286924
2870,plateau,Decadal,-0.009311785264509709
2870,MW,Decadal,-0.03257548107790109
2860,desert,Decadal,-0.1254223854893488
2860,plateau,Decadal,0.04201118661089076
2860,MW,Decadal,-0.018049618892301833
2850,desert,Decadal,-0.1313653102376411
2850,plateau,Decadal,0.12371179482952854
2850,MW,Decadal,0.013763802021027338
2840,desert,Decadal,-0.09257866861086539
2840,plateau,Decadal,0.1727388772863936
2840,MW,Decadal,0.08432739492660879
2830,desert,Decadal,-0.06074224334813305
2830,plateau,Decadal,0.18949978027689163
2830,MW,Decadal,0.1125622516436442
2820,desert,Decadal,-0.03200201394891744
2820,plateau,Decadal,0.23087882055949915
2820,MW,Decadal,0.09524187441420917
2810,desert,Decadal,-0.018636452652365243
2810,plateau,Decadal,0.27267876790175727
2810,MW,Decadal,0.09990489444990924
2800,desert,Decadal,-0.011960062015026196
2800,desert,Centennial,-0.03013775665854368
2800,plateau,Decadal,0.3071629440001278
2800,plateau,Centennial,0.2380903095442477
2800,MW,Decadal,0.1330849211562457
2800,MW,Centennial,0.1122524917507528
2790,desert,Decadal,-0.013567377059320318
2790,plateau,Decadal,0.3136373665151515
2790,MW,Decadal,0.16237724710559398
2780,desert,Decadal,-0.017354493530230553
2780,plateau,Decadal,0.2974831543240519
2780,MW,Decadal,0.1576607268961583
2770,desert,Decadal,-0.017756609155117342
2770,plateau,Decadal,0.287212531501968
2770,MW,Decadal,0.15042056864320585
2760,desert,Decadal,-0.012625615356121056
2760,plateau,Decadal,0.279217878311
2760,MW,Decadal,0.15217745773570268
2750,desert,Decadal,0.010375882918367552
2750,plateau,Decadal,0.29673717802176647
2750,MW,Decadal,0.16520871100045298
2740,desert,Decadal,0.06016778534125855
2740,plateau,Decadal,0.29835959361386166
2740,MW,Decadal,0.1686152700555832
2730,desert,Decadal,0.06291672298157636
2730,plateau,Decadal,0.26674054472093367
2730,MW,Decadal,0.13795250510650892
2720,desert,Decadal,0.03730360663478649
2720,plateau,Decadal,0.2551272218998868
2720,MW,Decadal,0.12531198183212133
2710,desert,Decadal,0.026713664394240055
2710,plateau,Decadal,0.26104820658323646
2710,MW,Decadal,0.15948219835206778
2700,desert,Decadal,0.02342713371659144
2700,desert,Centennial,0.051583600130378215
2700,plateau,Decadal,0.26150968351892345
2700,plateau,Centennial,0.23196494878121587
2700,MW,Decadal,0.1603601598364257
2700,MW,Centennial,0.1334769670002789
2690,desert,Decadal,0.0382343873978952
2690,plateau,Decadal,0.2640862735696192
2690,MW,Decadal,0.14196662427059525
2680,desert,Decadal,0.08419730590032426
2680,plateau,Decadal,0.24082411015278193
2680,MW,Decadal,0.1386532069939106
2670,desert,Decadal,0.11424563229165408
2670,plateau,Decadal,0.22348423014451058
2670,MW,Decadal,0.1427070339024228
2660,desert,Decadal,0.12596789858481117
2660,plateau,Decadal,0.18712465524552968
2660,MW,Decadal,0.13406310699557444
2650,desert,Decadal,0.11780205582259118
2650,plateau,Decadal,0.11600452909126258
2650,MW,Decadal,0.09437191034031844
2640,desert,Decadal,0.07924376336705397
2640,plateau,Decadal,0.0990230802528913
2640,MW,Decadal,0.048368712797186575
2630,desert,Decadal,0.04712133375259775
2630,plateau,Decadal,0.09202594882353754
2630,MW,Decadal,0.026640418015921874
2620,desert,Decadal,0.017561160402723708
2620,plateau,Decadal,0.06273286189388827
2620,MW,Decadal,0.03029740531608205
2610,desert,Decadal,0.00338025497934602
2610,plateau,Decadal,0.03722004785498001
2610,MW,Decadal,0.03199904762549721
2600,desert,Decadal,-0.0013056981459036443
2600,desert,Centennial,0.028919324980325456
2600,plateau,Decadal,0.008442259007179764
2600,plateau,Centennial,0.03803421354060532
2600,MW,Decadal,0.016453328071697193
2600,MW,Centennial,0.03037208962990423
2590,desert,Decadal,0.004233342166526377
2590,plateau,Decadal,-0.019773308132464695
2590,MW,Decadal,0.00856117023448899
2580,desert,Decadal,0.00828311279685856
2580,plateau,Decadal,-0.024762678562095797
2580,MW,Decadal,-0.0011139004574500788
2570,desert,Decadal,0.005937754107088189
2570,plateau,Decadal,-0.016012409555776763
2570,MW,Decadal,-0.002949380000405455
2560,desert,Decadal,0.006791516887760807
2560,plateau,Decadal,-0.019724898722239814
2560,MW,Decadal,-0.013968210613324317
2550,desert,Decadal,0.009840712773434568
2550,plateau,Decadal,-0.02983179147746373
2550,MW,Decadal,-0.009565867735250588
2540,desert,Decadal,0.00824262335192838
2540,plateau,Decadal,-0.03339517472403797
2540,MW,Decadal,0.0067446158342088225
2530,desert,Decadal,0.007992185090843762
2530,plateau,Decadal,-0.018287538542538506
2530,MW,Decadal,0.0264431287426925
2520,desert,Decadal,0.008633908420141445
2520,plateau,Decadal,-0.016820958006869002
2520,MW,Decadal,0.02227740424050051
2510,desert,Decadal,0.004957176070519154
2510,plateau,Decadal,-0.03023819135294925
2510,MW,Decadal,-0.021059774580867163
2500,desert,Decadal,0.0030941122627359263
2500,desert,Centennial,-0.013161278272177945
2500,plateau,Decadal,-0.03884822297838264
2500,plateau,Centennial,-0.013303443491530231
2500,MW,Decadal,-0.03428174434165765
2500,MW,Centennial,-0.01554882289145354
2490,desert,Decadal,0.004626618125080917
2490,plateau,Decadal,-0.04444551790441231
2490,MW,Decadal,-0.006948953732244245
2480,desert,Decadal,0.006110458229402482
2480,plateau,Decadal,-0.029784502543861446
2480,MW,Decadal,0.017059738485647458
2470,desert,Decadal,0.0047139274214069715
2470,plateau,Decadal,-0.034487593552257056
2470,MW,Decadal,0.008116702835625489
2460,desert,Decadal,-0.021570487711319863
2460,plateau,Decadal,-0.0314726124062803
2460,MW,Decadal,-0.02956305522462399
2450,desert,Decadal,-0.10234211388556735
2450,plateau,Decadal,0.020061206712207458
2450,MW,Decadal,-0.07273553643544206
2440,desert,Decadal,-0.14441948707319963
2440,plateau,Decadal,0.07716572933400556
2440,MW,Decadal,-0.09913833053000198
2430,desert,Decadal,-0.11822969985031406
2430,plateau,Decadal,0.12027919588333269
2430,MW,Decadal,-0.09362135260984061
2420,desert,Decadal,-0.0944681697412797
2420,plateau,Decadal,0.13744326664251183
2420,MW,Decadal,-0.083919344075567
2410,desert,Decadal,-0.061956562553744376
2410,plateau,Decadal,0.15358394585975876
2410,MW,Decadal,-0.0768727497916788
2400,desert,Decadal,-0.02347573469201336
2400,desert,Centennial,-0.054407318603433286
2400,plateau,Decadal,0.21457569457963288
2400,plateau,Centennial,0.17613685736843632
2400,MW,Decadal,-0.031327227148170156
2400,MW,Centennial,-0.03817674933077608
2390,desert,Decadal,-0.03199199793204599
2390,plateau,Decadal,0.3007783718439683
2390,MW,Decadal,0.012255682239148413
2380,desert,Decadal,-0.04522484808551219
2380,plateau,Decadal,0.3254160838535025
2380,MW,Decadal,0.0268433572675697
2370,desert,Decadal,-0.031808976657499155
2370,plateau,Decadal,0.28365319405303513
2370,MW,Decadal,0.008066354823799138
2360,desert,Decadal,-0.026780413261684455
2360,plateau,Decadal,0.24238307039536888
2360,MW,Decadal,-0.0166829243622324
2350,desert,Decadal,-0.026355526927224204
2350,plateau,Decadal,0.22121739334022283
2350,MW,Decadal,-0.032364590590872044
2340,desert,Decadal,-0.028104346806856473
2340,plateau,Decadal,0.2088423508291859
2340,MW,Decadal,-0.04132744533296151
2330,desert,Decadal,-0.04474983743719685
2330,plateau,Decadal,0.18074752482335477
2330,MW,Decadal,-0.0617922012614458
2320,desert,Decadal,-0.07166333679290426
2320,plateau,Decadal,0.15721271625253053
2320,MW,Decadal,-0.07764643179316577
2310,desert,Decadal,-0.06110638162725168
2310,plateau,Decadal,0.1630774607650487
2310,MW,Decadal,-0.0648751080228438
2300,desert,Decadal,-0.04412545668083245
2300,desert,Centennial,-0.025787183128112012
2300,plateau,Decadal,0.1739390803501939
2300,plateau,Centennial,0.18728158139662554
2300,MW,Decadal,-0.042506604827730055
2300,MW,Centennial,-0.013426065318744573
2290,desert,Decadal,-0.0676006236688953
2290,plateau,Decadal,0.15412017388898303
2290,MW,Decadal,-0.06636849008568868
2280,desert,Decadal,-0.04878488679916915
2280,plateau,Decadal,0.16911550380738216
2280,MW,Decadal,-0.05753315130750947
2270,desert,Decadal,-0.02881782970031166
2270,plateau,Decadal,0.18838431433687575
2270,MW,Decadal,-0.02796319563953542
2260,desert,Decadal,1.7795233644424258e-4
2260,plateau,Decadal,0.18664291617795925
2260,MW,Decadal,0.01750493429224509
2250,desert,Decadal,0.08384505504124284
2250,plateau,Decadal,0.21200744138776262
2250,MW,Decadal,0.13163196269754263
2240,desert,Decadal,0.10529899452802471
2240,plateau,Decadal,0.19460977053458173
2240,MW,Decadal,0.1703728663890125
2230,desert,Decadal,0.0775178096071194
2230,plateau,Decadal,0.1525819920425331
2230,MW,Decadal,0.15331698370439906
2220,desert,Decadal,0.0329263591538842
2220,plateau,Decadal,0.1603234761939687
2220,MW,Decadal,0.14557413412645825
2210,desert,Decadal,-0.013942590361881724
2210,plateau,Decadal,0.15896663805843314
2210,MW,Decadal,0.13817416322676745
2200,desert,Decadal,-0.05875286129186641
2200,desert,Centennial,-0.018463703229021355
2200,plateau,Decadal,0.1194397659759483
2200,plateau,Centennial,0.12983558437564824
2200,MW,Decadal,0.10087633598103718
2200,MW,Centennial,0.09693346505239564
2190,desert,Decadal,-0.05705717207478145
2190,plateau,Decadal,0.07022488650911818
2190,MW,Decadal,0.054426675994734275
2180,desert,Decadal,-0.04432546456611952
2180,plateau,Decadal,0.05094420384508247
2180,MW,Decadal,0.03207420273922956
2170,desert,Decadal,-0.05725304013785015
2170,plateau,Decadal,0.07182600368722536
2170,MW,Decadal,0.04705309023760318
2160,desert,Decadal,-0.06842873848820208
2160,plateau,Decadal,0.10329304574794307
2160,MW,Decadal,0.08745496882265336
2150,desert,Decadal,-0.07586533825675312
2150,plateau,Decadal,0.11507956081349136
2150,MW,Decadal,0.11443380860209906
2140,desert,Decadal,-0.08841597148653291
2140,plateau,Decadal,0.11695255488168854
2140,MW,Decadal,0.13874614257303186
2130,desert,Decadal,-0.07524123854002474
2130,plateau,Decadal,0.13503520713762374
2130,MW,Decadal,0.1639634732711892
2120,desert,Decadal,-0.034940518015991184
2120,plateau,Decadal,0.15282874919342326
2120,MW,Decadal,0.16574244098750412
2110,desert,Decadal,-0.040686710119985925
2110,plateau,Decadal,0.1457616270702511
2110,MW,Decadal,0.15113091623630837
2100,desert,Decadal,-0.08036912881755898
2100,desert,Centennial,-0.07299332750803078
2100,plateau,Decadal,0.12788408312931487
2100,plateau,Centennial,0.09330981767681212
2100,MW,Decadal,0.1689423691773051
2100,MW,Centennial,0.1550562837388858
2090,desert,Decadal,-0.0773120675560901
2090,plateau,Decadal,0.11389854673182764
2090,MW,Decadal,0.21368990831120982
2080,desert,Decadal,-0.08838429491591082
2080,plateau,Decadal,0.08097303005989431
2080,MW,Decadal,0.21137709072083233
2070,desert,Decadal,-0.10499978443008207
2070,plateau,Decadal,0.06326880366245291
2070,MW,Decadal,0.19214599935994947
2060,desert,Decadal,-0.1204210436185904
2060,plateau,Decadal,0.07393835360252066
2060,MW,Decadal,0.1731252840219133
2050,desert,Decadal,-0.11568651914669603
2050,plateau,Decadal,0.03293524741254661
2050,MW,Decadal,0.12371129298247574
2040,desert,Decadal,-0.07094650061499896
2040,plateau,Decadal,-0.012329182512704762
2040,MW,Decadal,0.12286562461718553
2030,desert,Decadal,-0.05000966364895332
2030,plateau,Decadal,-0.012788905329164102
2030,MW,Decadal,0.1331850584752381
2020,desert,Decadal,0.007467535338046005
2020,plateau,Decadal,-0.02822829068028776
2020,MW,Decadal,0.13994765526614827
2010,desert,Decadal,0.027256378640405643
2010,plateau,Decadal,-0.04154915266919579
2010,MW,Decadal,0.13111960872611572
2000,desert,Decadal,0.019225104486642053
2000,desert,Centennial,-0.003916429511696684
2000,plateau,Decadal,-0.04948307682647313
2000,plateau,Centennial,-0.016253454722503502
2000,MW,Decadal,0.11500789723206672
2000,MW,Centennial,0.13281610302815494
1990,desert,Decadal,0.036283425708272254
1990,plateau,Decadal,-0.0477271324413997
1990,MW,Decadal,0.11199207437546654
1980,desert,Decadal,0.04776882925592307
1980,plateau,Decadal,-0.03693491234346702
1980,MW,Decadal,0.1272107659358479
1970,desert,Decadal,0.03923392955063054
1970,plateau,Decadal,-0.028297704985547067
1970,MW,Decadal,0.1373656194614492
1960,desert,Decadal,0.019069033258611867
1960,plateau,Decadal,-0.018961337531686606
1960,MW,Decadal,0.1459610817882595
1950,desert,Decadal,0.050403496570727846
1950,plateau,Decadal,-0.032236908853888746
1950,MW,Decadal,0.11670563572312442
1940,desert,Decadal,0.0643632126194893
1940,plateau,Decadal,-0.029911286062278553
1940,MW,Decadal,0.10174200854040638
1930,desert,Decadal,0.02901875733141157
1930,plateau,Decadal,-0.012265557552360029
1930,MW,Decadal,0.11936773376204357
1920,desert,Decadal,-0.047114046487140016
1920,plateau,Decadal,0.01983050796787733
1920,MW,Decadal,0.15193979544292358
1910,desert,Decadal,-0.060705811530648024
1910,plateau,Decadal,0.026442034561946492
1910,MW,Decadal,0.1566883386760587
1900,desert,Decadal,-0.029947733170665458
1900,desert,Centennial,-0.016112505102761077
1900,plateau,Decadal,0.02925696969211522
1900,plateau,Centennial,0.03387618234373946
1900,MW,Decadal,0.13192510793074153
1900,MW,Centennial,0.11302728854414301
1890,desert,Decadal,-0.016311152392312067
1890,plateau,Decadal,0.05792739540093628
1890,MW,Decadal,0.1042908027237166
1880,desert,Decadal,-0.033750121390119237
1880,plateau,Decadal,0.07795342613559075
1880,MW,Decadal,0.08820688948611988
1870,desert,Decadal,-0.03859057069904859
1870,plateau,Decadal,0.07969614584564244
1870,MW,Decadal,0.0856053744915819
1860,desert,Decadal,-0.018151138553945678
1860,plateau,Decadal,0.06227847215467541
1860,MW,Decadal,0.09621311323768644
1850,desert,Decadal,-0.01586505585979836
1850,plateau,Decadal,0.05993730137476838
1850,MW,Decadal,0.09754728786695033
1840,desert,Decadal,-0.049759260358939184
1840,plateau,Decadal,0.09169970141464923
1840,MW,Decadal,0.07989712423626116
1830,desert,Decadal,-0.07228142907823587
1830,plateau,Decadal,0.10471027280363199
1830,MW,Decadal,0.06954315296130442
1820,desert,Decadal,-0.10250373621282227
1820,plateau,Decadal,0.10412641665455968
1820,MW,Decadal,0.05821363836993054
1810,desert,Decadal,-0.06332035775862277
1810,plateau,Decadal,0.11670798223459844
1810,MW,Decadal,0.05235189624910319
1800,desert,Decadal,0.01555058104747431
1800,desert,Centennial,0.0019317118323591842
1800,plateau,Decadal,0.14064646542146786
1800,plateau,Centennial,0.10814894459678648
1800,MW,Decadal,0.04519966458162994
1800,MW,Centennial,0.04181407938763648
1790,desert,Decadal,0.07542124857178312
1790,plateau,Decadal,0.13883676736874406
1790,MW,Decadal,0.02123160917759659
1780,desert,Decadal,0.1048857005171655
1780,plateau,Decadal,0.1168392002625307
1780,MW,Decadal,0.004621905338586529
1770,desert,Decadal,0.054997182272775724
1770,plateau,Decadal,0.12282634283271587
1770,MW,Decadal,0.006048570093364347
1760,desert,Decadal,0.03220290084720023
1760,plateau,Decadal,0.11018101799644686
1760,MW,Decadal,0.006346376475963034
1750,desert,Decadal,-0.019325647186418937
1750,plateau,Decadal,0.10911493351171142
1750,MW,Decadal,0.027864064272353772
1740,desert,Decadal,-0.009391565424321513
1740,plateau,Decadal,0.11077830316055248
1740,MW,Decadal,0.02473293803619825
1730,desert,Decadal,0.04908224317778931
1730,plateau,Decadal,0.10240948814681516
1730,MW,Decadal,5.672245107612994e-4
1720,desert,Decadal,0.1462792188380746
1720,plateau,Decadal,0.0771913287242576
1720,MW,Decadal,-0.031389651107660566
1710,desert,Decadal,0.17941693506517975
1710,plateau,Decadal,0.06551623915953542
1710,MW,Decadal,-0.040765108788953786
1700,desert,Decadal,0.20106488275228873
1700,desert,Centennial,0.17830588950016324
1700,plateau,Decadal,0.058349921066236377
1700,plateau,Centennial,0.06707137506321015
1700,MW,Decadal,-0.04500962265837627
1700,MW,Centennial,-0.031028113768438725
1690,desert,Decadal,0.21664121281497195
1690,plateau,Decadal,0.049390369546453705
1690,MW,Decadal,-0.047192822446739946
1680,desert,Decadal,0.2288899870162897
1680,plateau,Decadal,0.0421477645058177
1680,MW,Decadal,-0.048571755954407436
1670,desert,Decadal,0.24467087041866176
1670,plateau,Decadal,0.038593575545098346
1670,MW,Decadal,-0.0498899791899432
1660,desert,Decadal,0.2512573735037771
1660,plateau,Decadal,0.040871443121393014
1660,MW,Decadal,-0.05082865682328741
1650,desert,Decadal,0.2543948893575232
1650,plateau,Decadal,0.04021691384934467
1650,MW,Decadal,-0.05141567657280799
1640,desert,Decadal,0.33829589738378907
1640,plateau,Decadal,0.028804980446262007
1640,MW,Decadal,-0.058847951561702416
1630,desert,Decadal,0.39148591927431475
1630,plateau,Decadal,0.03531810790586842
1630,MW,Decadal,-0.07596945437737812
1620,desert,Decadal,0.38741618383100196
1620,plateau,Decadal,0.04587109415656876
1620,MW,Decadal,-0.07952783164034694
1610,desert,Decadal,0.34188364257121684
1610,plateau,Decadal,0.03842090442960355
1610,MW,Decadal,-0.06677708816131833
1600,desert,Decadal,0.28582712087301676
1600,desert,Centennial,0.27671348390994055
1600,plateau,Decadal,0.019173595568888757
1600,plateau,Centennial,0.026909593346990945
1600,MW,Decadal,-0.053877054021433946
1600,MW,Centennial,-0.054146027561918775
1590,desert,Decadal,0.22833235997561374
1590,plateau,Decadal,0.01645300658699167
1590,MW,Decadal,-0.03707908238314017
1580,desert,Decadal,0.1935887452502394
1580,plateau,Decadal,0.02577551165912073
1580,MW,Decadal,-0.033338905952529085
1570,desert,Decadal,0.22748702677504173
1570,plateau,Decadal,0.011335357658870393
1570,MW,Decadal,-0.03501776658260125
1560,desert,Decadal,0.25234359468895295
1560,plateau,Decadal,0.011804433490159028
1560,MW,Decadal,-0.046808921188723485
1550,desert,Decadal,0.26232948975277726
1550,plateau,Decadal,0.02311865618087605
1550,MW,Decadal,-0.06482770700124707
1540,desert,Decadal,0.24988991269239147
1540,plateau,Decadal,0.01991981582065705
1540,MW,Decadal,-0.06448491006819657
1530,desert,Decadal,0.23244481906707914
1530,plateau,Decadal,0.011920954747779433
1530,MW,Decadal,-0.06078077100016843
1520,desert,Decadal,0.2073455241345057
1520,plateau,Decadal,0.008287707343446193
1520,MW,Decadal,-0.0448997125404027
1510,desert,Decadal,0.19261472706684213
1510,plateau,Decadal,0.00563013264385237
1510,MW,Decadal,-0.014288556595087876
1500,desert,Decadal,0.18394650908322152
1500,desert,Centennial,0.17080462576137823
1500,plateau,Decadal,-0.0031264472550196487
1500,plateau,Centennial,0.0020284901812495093
1500,MW,Decadal,0.020062199193549013
1500,MW,Centennial,0.0015821700216855916
1490,desert,Decadal,0.17562469497398592
1490,plateau,Decadal,-0.009335972849111585
1490,MW,Decadal,0.03362797489852021
1480,desert,Decadal,0.16304251058800734
1480,plateau,Decadal,-0.013783948446466354
1480,MW,Decadal,0.043213580269574337
1470,desert,Decadal,0.14323767569555113
1470,plateau,Decadal,-0.01104842024420849
1470,MW,Decadal,0.0470585651022315
1460,desert,Decadal,0.12650663360178616
1460,plateau,Decadal,-0.005688182373808637
1460,MW,Decadal,0.04720404827442959
1450,desert,Decadal,0.10689666395098385
1450,plateau,Decadal,0.003852152517991314
1450,MW,Decadal,0.04048143783468294
1440,desert,Decadal,0.04126944921014619
1440,plateau,Decadal,0.00696124064656356
1440,MW,Decadal,0.040475688768082385
1430,desert,Decadal,-0.0038181157276051536
1430,plateau,Decadal,-0.007657404315064564
1430,MW,Decadal,0.05826169849090235
1420,desert,Decadal,-0.013203779425718931
1420,plateau,Decadal,-0.021458095093596086
1420,MW,Decadal,0.06257803078042468
1410,desert,Decadal,-0.011772318577885077
1410,plateau,Decadal,-0.02525609155075159
1410,MW,Decadal,0.054270857322902266
1400,desert,Decadal,0.03644053852021045
1400,desert,Centennial,0.12993511797576573
1400,plateau,Decadal,-0.004602140968246182
1400,plateau,Centennial,0.06668882775846541
1400,MW,Decadal,0.07435223996807849
1400,MW,Centennial,0.09252049685555264
1390,desert,Decadal,0.13399204035631218
1390,plateau,Decadal,0.0508159772131922
1390,MW,Decadal,0.10400462813195954
1380,desert,Decadal,0.19974040747627875
1380,plateau,Decadal,0.12527910234969575
1380,MW,Decadal,0.12356131890058908
1370,desert,Decadal,0.24170850408831157
1370,plateau,Decadal,0.17785165322896646
1370,MW,Decadal,0.13764194791161533
1360,desert,Decadal,0.274237293976487
1360,plateau,Decadal,0.20095200067826724
1360,MW,Decadal,0.14785420866076926
1350,desert,Decadal,0.2735681800294376
1350,plateau,Decadal,0.19905919769818148
1350,MW,Decadal,0.15673331294268067
1340,desert,Decadal,0.30182221638253015
1340,plateau,Decadal,0.22246291274548025
1340,MW,Decadal,0.16310152234799702
1330,desert,Decadal,0.2963229541352863
1330,plateau,Decadal,0.22048151315008369
1330,MW,Decadal,0.16260048811089778
1320,desert,Decadal,0.2791466668021769
1320,plateau,Decadal,0.20436392148350802
1320,MW,Decadal,0.1552960183730301
1310,desert,Decadal,0.24109301061161492
1310,plateau,Decadal,0.19087663761354623
1310,MW,Decadal,0.12766970959632307
1300,desert,Decadal,0.17686868927169197
1300,desert,Centennial,0.23520087273700696
1300,plateau,Decadal,0.17137052544213827
1300,plateau,Centennial,0.21122050638759937
1300,MW,Decadal,0.0829283992572094
1300,MW,Centennial,0.11977135844845055
1290,desert,Decadal,0.18311197459752737
1290,plateau,Decadal,0.18549193259809194
1290,MW,Decadal,0.0781587027590458
1280,desert,Decadal,0.19275153903157705
1280,plateau,Decadal,0.20917322215343592
1280,MW,Decadal,0.08128659462633969
1270,desert,Decadal,0.2062980433438888
1270,plateau,Decadal,0.2679632409277488
1270,MW,Decadal,0.11286686197293783
1260,desert,Decadal,0.24362287693540097
1260,plateau,Decadal,0.26735401493824806
1260,MW,Decadal,0.10931537383300771
1250,desert,Decadal,0.25688628764306554
1250,plateau,Decadal,0.25081375882776147
1250,MW,Decadal,0.11175739782400829
1240,desert,Decadal,0.25746370370618443
1240,plateau,Decadal,0.2415263104054377
1240,MW,Decadal,0.11783784335890335
1230,desert,Decadal,0.24825668818948543
1230,plateau,Decadal,0.2366536681222886
1230,MW,Decadal,0.11749107395171432
1220,desert,Decadal,0.22137209927775015
1220,plateau,Decadal,0.23497894172499478
1220,MW,Decadal,0.11978572211188698
1210,desert,Decadal,0.20499911123619263
1210,plateau,Decadal,0.22742221294218545
1210,MW,Decadal,0.11868106440819925
1200,desert,Decadal,0.17662082878782126
1200,desert,Centennial,0.12504185571078352
1200,plateau,Decadal,0.21076895177405408
1200,plateau,Centennial,0.15534462533708382
1200,MW,Decadal,0.09950510464493689
1200,MW,Centennial,0.08414455085108408
1190,desert,Decadal,0.12024189016244247
1190,plateau,Decadal,0.17036961268748207
1190,MW,Decadal,0.07716071908312472
1180,desert,Decadal,0.07420666792403718
1180,plateau,Decadal,0.1193468337568504
1180,MW,Decadal,0.06425689268443335
1170,desert,Decadal,0.02177801581433325
1170,plateau,Decadal,0.07401466522454214
1170,MW,Decadal,0.04524070521234602
1160,desert,Decadal,-0.038976129104983936
1160,plateau,Decadal,0.022997862496154653
1160,MW,Decadal,0.035213777464959684
1150,desert,Decadal,-0.04978903991452732
1150,plateau,Decadal,-0.007083493392645579
1150,MW,Decadal,0.04429306221382934
1140,desert,Decadal,-0.06916971432421315
1140,plateau,Decadal,-0.03085684891717122
1140,MW,Decadal,0.045102810597819065
1130,desert,Decadal,-0.0825540631550381
1130,plateau,Decadal,-0.025950560383958265
1130,MW,Decadal,0.03345852539902161
1120,desert,Decadal,-0.07655467339720001
1120,plateau,Decadal,-0.006216051229412933
1120,MW,Decadal,0.028879676237458796
1110,desert,Decadal,-0.055054650771291236
1110,plateau,Decadal,0.007849606816168198
1110,MW,Decadal,0.0339479394006581
1100,desert,Decadal,-0.017477842379354236
1100,desert,Centennial,-0.013082184984536394
1100,plateau,Decadal,0.023570326526822782
1100,plateau,Centennial,-0.009655453375789769
1100,MW,Decadal,0.05247256025966429
1100,MW,Centennial,0.043986992992128826
1090,desert,Decadal,-0.02581707963208446
1090,plateau,Decadal,0.010192601912173416
1090,MW,Decadal,0.05232036911331228
1080,desert,Decadal,-0.03573059326672512
1080,plateau,Decadal,-0.0069468276482798075
1080,MW,Decadal,0.04314779746943387
1070,desert,Decadal,-0.027602104408031014
1070,plateau,Decadal,-0.0635064525070228
1070,MW,Decadal,0.029699279516015586
1060,desert,Decadal,-0.01459720858181246
1060,plateau,Decadal,-0.07159936839217229
1060,MW,Decadal,0.04130831449009609
1050,desert,Decadal,0.09704304940851838
1050,plateau,Decadal,-0.06230102096860257
1050,MW,Decadal,0.04779441112250371
1040,desert,Decadal,0.0673577781967083
1040,plateau,Decadal,-0.07200777063410824
1040,MW,Decadal,0.04670548164320554
1030,desert,Decadal,0.11883782869035464
1030,plateau,Decadal,-0.05462566585423545
1030,MW,Decadal,0.05037104580765117
1020,desert,Decadal,0.22574328920415
1020,plateau,Decadal,0.01168964650182236
1020,MW,Decadal,0.08337730165408619
1010,desert,Decadal,0.25627519354496364
1010,plateau,Decadal,0.03399360752314173
1010,MW,Decadal,0.11013917257958195
1000,desert,Decadal,0.2306397536285365
1000,desert,Centennial,0.18660291706034116
1000,plateau,Decadal,-0.006312017812459825
1000,plateau,Centennial,-6.711546382209832e-4
1000,MW,Decadal,0.11602775842085578
1000,MW,Centennial,0.08935385826089881
990,desert,Decadal,0.20255556884123394
990,plateau,Decadal,-0.03453288543099342
990,MW,Decadal,0.1211442588193723
980,desert,Decadal,0.20286728522993513
980,plateau,Decadal,-0.03153438675675968
980,MW,Decadal,0.11777373843195882
970,desert,Decadal,0.23234626529442526
970,plateau,Decadal,0.003543403263384093
970,MW,Decadal,0.11014885120173012
960,desert,Decadal,0.26870193147707777
960,plateau,Decadal,0.06810688390443964
960,MW,Decadal,0.10393978011891125
950,desert,Decadal,0.2653945203744401
950,plateau,Decadal,0.08751898423733362
950,MW,Decadal,0.09355275158211551
940,desert,Decadal,0.2555119246581583
940,plateau,Decadal,0.1052171411306313
940,MW,Decadal,0.08575154884187253
930,desert,Decadal,0.25676888338217463
930,plateau,Decadal,0.09151107361655697
930,MW,Decadal,0.09514881474330661
920,desert,Decadal,0.24723830383601708
920,plateau,Decadal,0.06452550693885062
920,MW,Decadal,0.0996350946382174
910,desert,Decadal,0.24126566224738077
910,plateau,Decadal,0.06534932472144206
910,MW,Decadal,0.09903441311078787
900,desert,Decadal,0.23412731527983066
900,desert,Centennial,0.17436877088790048
900,plateau,Decadal,0.06582410658895199
900,plateau,Centennial,0.029980192206435774
900,MW,Decadal,0.09724391744911909
900,MW,Centennial,0.09645365103141401
890,desert,Decadal,0.19305172192620734
890,plateau,Decadal,0.025874913399404065
890,MW,Decadal,0.10823625055975672
880,desert,Decadal,0.15675599239457494
880,plateau,Decadal,0.007362868992011329
880,MW,Decadal,0.11698955375436526
870,desert,Decadal,0.12399418731610101
870,plateau,Decadal,0.0020147856256036434
870,MW,Decadal,0.10003718092486125
860,desert,Decadal,0.0915286361399259
860,plateau,Decadal,0.0030042654499684573
860,MW,Decadal,0.09156911712737692
850,desert,Decadal,0.01562386867124399
850,plateau,Decadal,3.3182736571824023e-4
850,MW,Decadal,0.08775560895037948
840,desert,Decadal,0.02390014770901061
840,plateau,Decadal,-0.0017146657376621022
840,MW,Decadal,0.08525483628527564
830,desert,Decadal,-0.02859135394719381
830,plateau,Decadal,-0.08249109904429064
830,MW,Decadal,0.07702650338961003
820,desert,Decadal,-0.10869805061112237
820,plateau,Decadal,-0.23136723439040052
820,MW,Decadal,0.03420455062177474
810,desert,Decadal,-0.13187274224919499
810,plateau,Decadal,-0.26772194280030304
810,MW,Decadal,0.007677703381192558
800,desert,Decadal,-0.117653177214605
800,desert,Centennial,-0.10378697603106168
800,plateau,Decadal,-0.2200062191760277
800,plateau,Centennial,-0.23775557180908402
800,MW,Decadal,0.00720866345944593
800,MW,Centennial,0.026851796116145188
790,desert,Decadal,-0.11623602625002727
790,plateau,Decadal,-0.22138894940476606
790,MW,Decadal,-0.006180653142540127
780,desert,Decadal,-0.14432634764607322
780,plateau,Decadal,-0.2909009075512503
780,MW,Decadal,-0.02441572937599279
770,desert,Decadal,-0.1728514459621855
770,plateau,Decadal,-0.3688860917649639
770,MW,Decadal,-0.022534765698623005
760,desert,Decadal,-0.2025846618372018
760,plateau,Decadal,-0.4440254413016653
760,MW,Decadal,0.007091115562762873
750,desert,Decadal,-0.23093013988365607
750,plateau,Decadal,-0.47576858287797785
750,MW,Decadal,0.031059863617821648
740,desert,Decadal,-0.26247732084018205
740,plateau,Decadal,-0.5389508656596931
740,MW,Decadal,0.03160428892943212
730,desert,Decadal,-0.2805877164409276
730,plateau,Decadal,-0.5722561758852218
730,MW,Decadal,0.007480319020114479
720,desert,Decadal,-0.30752538549201347
720,plateau,Decadal,-0.6010242439896896
720,MW,Decadal,-0.04525766547923693
710,desert,Decadal,-0.3177213227816278
710,plateau,Decadal,-0.6451750695278036
710,MW,Decadal,-0.04582618690162077
700,desert,Decadal,-0.31776748466357807
700,desert,Centennial,-0.25853454572185575
700,plateau,Decadal,-0.673200204282598
700,plateau,Centennial,-0.587908831774242
700,MW,Decadal,-0.033671967429649285
700,MW,Centennial,-0.028513655096229495
690,desert,Decadal,-0.25895665241791876
690,plateau,Decadal,-0.610547030649411
690,MW,Decadal,0.0010543046412792023
680,desert,Decadal,-0.19320108818066117
680,plateau,Decadal,-0.5797097565302556
680,MW,Decadal,0.009633312850554354
670,desert,Decadal,-0.17960954839683074
670,plateau,Decadal,-0.5999944014926983
670,MW,Decadal,0.012384754390071251
660,desert,Decadal,-0.2166544326105635
660,plateau,Decadal,-0.6803083837902624
660,MW,Decadal,-0.021572455633123155
650,desert,Decadal,-0.2721773154219398
650,plateau,Decadal,-0.7671499212382638
650,MW,Decadal,-0.09615462513985484
640,desert,Decadal,-0.2992030601459361
640,plateau,Decadal,-0.7999591557046992
640,MW,Decadal,-0.13917059624288797
630,desert,Decadal,-0.31259688801484886
630,plateau,Decadal,-0.6866291322642049
630,MW,Decadal,-0.16430338899044994
620,desert,Decadal,-0.34533569078646353
620,plateau,Decadal,-0.5037838974318087
620,MW,Decadal,-0.1885591993005864
610,desert,Decadal,-0.38496386639966795
610,plateau,Decadal,-0.5157205062367942
610,MW,Decadal,-0.216227201715824
600,desert,Decadal,-0.43991198046463564
600,desert,Centennial,-0.38000317691530006
600,plateau,Decadal,-0.5816977415926794
600,plateau,Centennial,-0.3948262209997555
600,MW,Decadal,-0.24611880930099916
600,MW,Centennial,-0.2026388604297269
590,desert,Decadal,-0.4724752234490981
590,plateau,Decadal,-0.4733576342378587
590,MW,Decadal,-0.24470905442929292
580,desert,Decadal,-0.460273030111491
580,plateau,Decadal,-0.26360142102802575
580,MW,Decadal,-0.2258906021505025
570,desert,Decadal,-0.4644929351774296
570,plateau,Decadal,-0.06550539688282564
570,MW,Decadal,-0.22740247642373257
560,desert,Decadal,-0.4616125501382351
560,plateau,Decadal,0.05628433089610585
560,MW,Decadal,-0.26951283264780024
550,desert,Decadal,-0.4418378525397393
550,plateau,Decadal,0.149058594495588
550,MW,Decadal,-0.31584997034124207
540,desert,Decadal,-0.42514428063842313
540,plateau,Decadal,0.2239405384108606
540,MW,Decadal,-0.3395188601683419
530,desert,Decadal,-0.43621910032907163
530,plateau,Decadal,0.24794142973139088
530,MW,Decadal,-0.3416176676100835
520,desert,Decadal,-0.438278560139449
520,plateau,Decadal,0.21539278661066863
520,MW,Decadal,-0.32455363681568317
510,desert,Decadal,-0.46124897087425065
510,plateau,Decadal,0.2089607701031726
510,MW,Decadal,-0.3382233395495926
500,desert,Decadal,-0.49215521106613647
500,desert,Centennial,-0.5008367382164813
500,plateau,Decadal,0.21782839236046403
500,plateau,Centennial,0.1733035358985502
500,MW,Decadal,-0.361802414618162
500,MW,Centennial,-0.34598130591355636
490,desert,Decadal,-0.5578573634584139
490,plateau,Decadal,0.203577187269377
490,MW,Decadal,-0.4330402442861425
480,desert,Decadal,-0.6515655427345668
480,plateau,Decadal,0.15479103961599794
480,MW,Decadal,-0.4762540450456987
470,desert,Decadal,-0.6686469132525685
470,plateau,Decadal,0.1713158446370322
470,MW,Decadal,-0.481284577689467
460,desert,Decadal,-0.6200719809099642
460,plateau,Decadal,0.21618475276796723
460,MW,Decadal,-0.4253890861352638
450,desert,Decadal,-0.5271781691508881
450,plateau,Decadal,0.21417949679496395
450,MW,Decadal,-0.2775751909045554
440,desert,Decadal,-0.45333756829010197
440,plateau,Decadal,0.1974101786615945
440,MW,Decadal,-0.19931747581255488
430,desert,Decadal,-0.4215546642819201
430,plateau,Decadal,0.21740874973610325
430,MW,Decadal,-0.19038366804752238
420,desert,Decadal,-0.35232619712662894
420,plateau,Decadal,0.20341741325313745
420,MW,Decadal,-0.18258266081349062
410,desert,Decadal,-0.3163736525433558
410,plateau,Decadal,0.12731781176968937
410,MW,Decadal,-0.20389445738780987
400,desert,Decadal,-0.28203433033550107
400,desert,Centennial,-0.366391621467832
400,plateau,Decadal,0.07539649710985863
400,plateau,Centennial,0.05293461042896741
400,MW,Decadal,-0.21592652180256744
400,MW,Centennial,-0.2711019705821882
390,desert,Decadal,-0.26025348211645705
390,plateau,Decadal,0.046056575966257896
390,MW,Decadal,-0.21705349230889404
380,desert,Decadal,-0.2755828742911026
380,plateau,Decadal,0.03557691114837169
380,MW,Decadal,-0.24273885838931308
370,desert,Decadal,-0.2712896731863368
370,plateau,Decadal,-0.04506275970993512
370,MW,Decadal,-0.27776448458374237
360,desert,Decadal,-0.29500286495036665
360,plateau,Decadal,-0.13710020444980264
360,MW,Decadal,-0.3315072285285825
350,desert,Decadal,-0.3345149710120232
350,plateau,Decadal,-0.22567034994062096
350,MW,Decadal,-0.39516184275453226
340,desert,Decadal,-0.34161548621264304
340,plateau,Decadal,-0.27802796321784173
340,MW,Decadal,-0.4234559260826942
330,desert,Decadal,-0.3036757759411812
330,plateau,Decadal,-0.2700696740050246
330,MW,Decadal,-0.3773064862822917
320,desert,Decadal,-0.18130935392985936
320,plateau,Decadal,-0.13328303115253126
320,MW,Decadal,-0.2011377984530771
310,desert,Decadal,-0.14970892827032012
310,plateau,Decadal,-0.076450070789890745
310,MW,Decadal,-0.1471186855292239
